{"schemaVersion":"1.0","appDefinitionTemplate":{"id":"/providers/Microsoft.PowerApps/apps/","type":"Microsoft.PowerApps/apps","tags":{"primaryDeviceWidth":"640","primaryDeviceHeight":"1136","sienaVersion":"20210304T115849Z-3.21023.28.0","deviceCapabilities":"","supportsPortrait":"true","supportsLandscape":"false","primaryFormFactor":"Phone","publisherVersion":"3.21023.28","minimumRequiredApiVersion":"2.2.0","hasComponent":"true","hasUnlockedComponent":"true","isUnifiedRootApp":"false"},"properties":{"appVersion":"2021-03-04T11:58:49Z","lifeCycleId":"Published","createdByClientVersion":{"major":3,"minor":21023,"build":28,"revision":0,"majorRevision":0,"minorRevision":0},"minClientVersion":{"major":3,"minor":21023,"build":28,"revision":0,"majorRevision":0,"minorRevision":0},"backgroundColor":"rgba(0, 99, 177, 1)","backgroundImageUri":"/15569394073507332746/N05a782d7-e506-4734-a449-e2fd63bf0d98-logoSmallFile","displayName":"Rapid Assist","description":"","commitMessage":"","appUris":{"documentUri":{"value":"/15569394073507332746/N4d87e34a-df8e-4f72-9a01-77b291aa0b4c-document.msapp"},"imageUris":[]},"createdTime":"0001-01-01T00:00:00Z","lastModifiedTime":"0001-01-01T00:00:00Z","sharedGroupsCount":0,"sharedUsersCount":0,"icons":{"smallIconUri":"/15569394073507332746/Naa5cf76e-7471-4b39-a7bb-80b74ae9d360-small.png","mediumIconUri":"/15569394073507332746/N600dc970-2e8e-4ccc-9652-d7982fb58826-medium.png","largeIconUri":"/15569394073507332746/N8a7f3e4d-fee0-4efe-9c5f-ad4b182a961c-large.png","wideIconUri":"/15569394073507332746/N0f6a7e0f-4078-4a65-8c53-663952de1174-wide.png"},"connectionReferences":{"ab2c7122-222d-4bc6-942b-5647d124f4e7":{"id":"23811809-6ae7-4a39-8ba4-b253b53891a2","displayName":"SharePoint","iconUri":"https://connectoricons-prod.azureedge.net/releases/v1.0.1441/1.0.1441.2334/sharepointonline/icon.png","dataSources":["RA_CategoryList","RA_CategoryTeamMapping","RA_QnAPairs","RA_Requests","RA_TeamSettings"],"dependencies":[],"dependents":["058a7868-ca4a-40b3-8868-254e82b652e7"],"parameterHints":{},"isOnPremiseConnection":false,"bypassConsent":false,"dataSets":{"https://m365x539479.sharepoint.com/sites/RapidAssistSite":{"dataSources":{"RA_CategoryList":{"tableName":"1c4f644f-2167-4366-badd-9fa3fac400ab"},"RA_CategoryTeamMapping":{"tableName":"9c1b1d31-3453-475d-ae05-78e359c19f85"},"RA_QnAPairs":{"tableName":"41f193c5-1b5b-4bdb-a2f0-4381b83e9663"},"RA_Requests":{"tableName":"7328a0b1-f6d0-429f-be86-f8756c2d8d50"},"RA_TeamSettings":{"tableName":"2c480a84-2ed5-4084-91da-425414ac9299"}}}},"apiTier":"Standard","isCustomApiConnection":false},"7b78cc39-bf0f-4d91-ba2e-cc50671aca23":{"id":"a5aadcea-df88-49f6-b059-d06fc076899e","displayName":"Office 365 Users","iconUri":"https://connectoricons-prod.azureedge.net/releases/v1.0.1430/1.0.1430.2296/office365users/icon.png","dataSources":["Office365Users"],"dependencies":[],"dependents":[],"parameterHints":{},"isOnPremiseConnection":false,"bypassConsent":false,"dataSets":{},"apiTier":"Standard","isCustomApiConnection":false,"actions":["MyProfileV2"]},"058a7868-ca4a-40b3-8868-254e82b652e7":{"id":"96002bb0-bf2a-4bf5-8591-73f810a61ba5","displayName":"Logic flows","iconUri":"https://connectoricons-prod.azureedge.net/releases/v1.0.1438/1.0.1438.2324/logicflows/icon.png","dataSources":["SendTeamsNotification"],"dependencies":["7ce1b181-82e5-45e3-854b-c677a037dde6","42f6e9a7-68ba-45c2-a32d-7d18614a961b","ab2c7122-222d-4bc6-942b-5647d124f4e7"],"dependents":[],"parameterHints":{"workflowName":{"value":"4b9c25a9-423e-4485-93cd-05961e06f525"},"7ce1b181-82e5-45e3-854b-c677a037dde6":{"value":"shared_office365groups"},"42f6e9a7-68ba-45c2-a32d-7d18614a961b":{"value":"shared_teams"},"ab2c7122-222d-4bc6-942b-5647d124f4e7":{"value":"shared_sharepointonline"}},"isOnPremiseConnection":false,"bypassConsent":false,"dataSets":{},"apiTier":"Standard","isCustomApiConnection":false,"actions":["Run"]},"7ce1b181-82e5-45e3-854b-c677a037dde6":{"id":"c41ba90f-8488-4f2b-a97a-f304c709b247","displayName":"Office 365 Groups","iconUri":"https://connectoricons-prod.azureedge.net/releases/v1.0.1438/1.0.1438.2324/office365groups/icon.png","dataSources":[],"dependencies":[],"dependents":["058a7868-ca4a-40b3-8868-254e82b652e7"],"parameterHints":{},"isOnPremiseConnection":false,"bypassConsent":false,"dataSets":{},"apiTier":"Standard","isCustomApiConnection":false},"42f6e9a7-68ba-45c2-a32d-7d18614a961b":{"id":"370b0c1d-7f36-46f0-87d0-acd8e3128117","displayName":"Microsoft Teams","iconUri":"https://connectoricons-prod.azureedge.net/releases/v1.0.1436/1.0.1436.2319/teams/icon.png","dataSources":[],"dependencies":[],"dependents":["058a7868-ca4a-40b3-8868-254e82b652e7"],"parameterHints":{},"isOnPremiseConnection":false,"bypassConsent":false,"dataSets":{},"apiTier":"Standard","isCustomApiConnection":false}},"databaseReferences":{},"almMode":"Environment","performanceOptimizationEnabled":true,"canConsumeAppPass":true,"executionRestrictions":{"isTeamsOnly":false,"dataLossPreventionEvaluationResult":{"status":"Compliant","lastEvaluationDate":"2021-02-25T15:50:51.0450539Z","violationDetails":[]}}},"isAppComponentLibrary":false,"appType":"ClassicCanvasApp","appComponents":[]}}