{"schemaVersion":"1.0","appDefinitionTemplate":{"id":"/providers/Microsoft.PowerApps/apps/","type":"Microsoft.PowerApps/apps","tags":{"primaryDeviceWidth":"640","primaryDeviceHeight":"1136","sienaVersion":"20201230T164330Z-3.20114.22.0","deviceCapabilities":"","supportsPortrait":"true","supportsLandscape":"false","primaryFormFactor":"Phone","publisherVersion":"3.20114.22","minimumRequiredApiVersion":"2.2.0","hasComponent":"true","hasUnlockedComponent":"true","isUnifiedRootApp":"false"},"properties":{"appVersion":"2020-12-30T16:43:30Z","lifeCycleId":"Published","createdByClientVersion":{"major":3,"minor":20114,"build":22,"revision":0,"majorRevision":0,"minorRevision":0},"minClientVersion":{"major":3,"minor":20114,"build":22,"revision":0,"majorRevision":0,"minorRevision":0},"backgroundColor":"rgba(0, 99, 177, 1)","backgroundImageUri":"/11481305590564336870/N63d4251d-0b12-4ba8-850b-ada3b27762b2-logoSmallFile","displayName":"Rapid Assist - Experts","description":"","commitMessage":"","appUris":{"documentUri":{"value":"/11481305590564336870/N46e54925-8b59-4824-bc35-c4893c38d582-document.msapp"},"imageUris":[]},"createdTime":"0001-01-01T00:00:00Z","lastModifiedTime":"0001-01-01T00:00:00Z","sharedGroupsCount":0,"sharedUsersCount":0,"icons":{"smallIconUri":"/11481305590564336870/Nf7d1fbaf-8ba0-494d-9a15-fd2177194ac8-small.png","mediumIconUri":"/11481305590564336870/N0124e36e-5cd4-467b-8ce0-e0ee84979af6-medium.png","largeIconUri":"/11481305590564336870/N393b0a1e-cd02-45b0-beb1-79b85add35c5-large.png","wideIconUri":"/11481305590564336870/Nb47f3554-71b0-4b9a-a271-e062a07a2f44-wide.png"},"connectionReferences":{"7b78cc39-bf0f-4d91-ba2e-cc50671aca23":{"id":"3cc1a776-e79f-4125-ba3c-e2dcfd1f9270","displayName":"Office 365 Users","iconUri":"https://connectoricons-prod.azureedge.net/releases/v1.0.1411/1.0.1411.2206/office365users/icon.png","dataSources":["Office365Users"],"dependencies":[],"dependents":[],"parameterHints":{},"isOnPremiseConnection":false,"bypassConsent":false,"dataSets":{},"apiTier":"Standard","isCustomApiConnection":false,"actions":["MyProfileV2"]},"0c4f8540-910a-42ad-b620-e1964f93d376":{"id":"5cf82716-b89a-4706-ab18-0f39a2600e19","displayName":"Office 365 Groups","iconUri":"https://connectoricons-prod.azureedge.net/releases/v1.0.1416/1.0.1416.2233/office365groups/icon.png","dataSources":["Office365Groups"],"dependencies":[],"dependents":[],"parameterHints":{},"isOnPremiseConnection":false,"bypassConsent":false,"dataSets":{},"apiTier":"Standard","isCustomApiConnection":false,"actions":["ListGroupMembers"]},"d78db45d-403c-447d-a6b3-fad96aa986c7":{"id":"a841267e-c6c5-40d5-98f9-a2cd1815eaf2","displayName":"Microsoft Teams","iconUri":"https://connectoricons-prod.azureedge.net/releases/v1.0.1425/1.0.1425.2266/teams/icon.png","dataSources":["MicrosoftTeams"],"dependencies":[],"dependents":[],"parameterHints":{},"isOnPremiseConnection":false,"bypassConsent":false,"dataSets":{},"apiTier":"Standard","isCustomApiConnection":false,"actions":["GetChannelsForGroup"]},"261594cd-64cd-43b7-b2ae-8c16af9c720a":{"id":"1cab28eb-6f4e-43c2-97c3-d1e597751b1c","displayName":"SharePoint","iconUri":"https://connectoricons-prod.azureedge.net/releases/v1.0.1426/1.0.1426.2268/sharepointonline/icon.png","dataSources":["RA_CategoryList","RA_CategoryTeamMapping","RA_QnAPairs","RA_Requests"],"dependencies":[],"dependents":[],"parameterHints":{},"isOnPremiseConnection":false,"bypassConsent":false,"dataSets":{"https://m365x019630.sharepoint.com/sites/RapidAssistDeploy":{"dataSources":{"RA_CategoryList":{"tableName":"8acae8ed-2b2c-4c5c-b009-7760d35abebb"},"RA_CategoryTeamMapping":{"tableName":"ea941b14-98a1-49d4-a4b6-872a84dcb202"},"RA_QnAPairs":{"tableName":"84192bf0-e329-4774-a44c-1968d9f845ce"},"RA_Requests":{"tableName":"c9e68e86-0352-4c5a-be96-1dd7bb750b25"}}}},"apiTier":"Standard","isCustomApiConnection":false}},"databaseReferences":{},"almMode":"Environment","performanceOptimizationEnabled":true,"canConsumeAppPass":true,"executionRestrictions":{"isTeamsOnly":false,"dataLossPreventionEvaluationResult":{"status":"Compliant","lastEvaluationDate":"2020-12-24T14:05:40.7867114Z","violationDetails":[]}}},"isAppComponentLibrary":false,"appType":"ClassicCanvasApp","appComponents":[]}}