{"name":"2b1fc9bc-4445-4c92-b300-92491b45538d","id":"/providers/Microsoft.Flow/flows/2b1fc9bc-4445-4c92-b300-92491b45538d","type":"Microsoft.Flow/flows","properties":{"apiId":"/providers/Microsoft.PowerApps/apis/shared_logicflows","displayName":"Send Teams Notification","definition":{"metadata":{"workflowEntityId":null,"flowclientsuspensionreason":"None","flowclientsuspensiontime":null,"creator":{"id":"37be0680-559f-4654-a9a1-b77742cccf2c","type":"User","tenantId":"eb2e4b18-5e6b-4e49-9726-abda6d8005b7"},"provisioningMethod":"FromDefinition","failureAlertSubscription":true,"clientLastModifiedTime":"2021-03-04T05:43:04.1942402Z"},"$schema":"https://schema.management.azure.com/providers/Microsoft.Logic/schemas/2016-06-01/workflowdefinition.json#","contentVersion":"1.0.0.0","parameters":{"$connections":{"defaultValue":{},"type":"Object"},"$authentication":{"defaultValue":{},"type":"SecureObject"}},"triggers":{"manual":{"type":"Request","kind":"PowerApp","inputs":{"schema":{"type":"object","properties":{"channelId_Value":{"type":"string","description":"Enter initial value","isPartial":false},"ExpertID_Value":{"type":"integer","description":"Enter initial value","isPartial":false},"SharePointId_Value":{"type":"integer","description":"Enter initial value","isPartial":false},"Initializevariable_Value":{"type":"any"},"CategoryID_Value":{"type":"string","description":"Enter initial value","isPartial":false}},"required":["channelId_Value","ExpertID_Value","SharePointId_Value","Initializevariable_Value","CategoryID_Value"]}}}},"actions":{"teamId":{"runAfter":{"CategoryID":["Succeeded"]},"type":"InitializeVariable","inputs":{"variables":[{"name":"teamId","type":"string","value":"@{triggerBody()['Initializevariable_Value']}"}]}},"List_group_members":{"runAfter":{"ExpertID":["Succeeded"]},"type":"OpenApiConnection","inputs":{"host":{"apiId":"/providers/Microsoft.PowerApps/apis/shared_office365groups","connectionName":"shared_office365groups","operationId":"ListGroupMembers"},"parameters":{"groupId":"@variables('teamId')"},"authentication":{"value":"@json(decodeBase64(triggerOutputs().headers['X-MS-APIM-Tokens']))['$ConnectionKey']","type":"Raw"}}},"Members":{"runAfter":{"SharePointId":["Succeeded"]},"type":"InitializeVariable","inputs":{"variables":[{"name":"members","type":"string"}]}},"Apply_to_each":{"foreach":"@outputs('List_group_members')?['body/value']","actions":{"Append_to_string_variable":{"runAfter":{},"type":"AppendToStringVariable","inputs":{"name":"members","value":"@concat(items('Apply_to_each')?['mail'],';')"}}},"runAfter":{"List_group_members":["Succeeded"]},"type":"Foreach"},"Create_a_Teams_meeting":{"runAfter":{"Get_item":["Succeeded"]},"type":"OpenApiConnection","inputs":{"host":{"apiId":"/providers/Microsoft.PowerApps/apis/shared_teams","connectionName":"shared_teams","operationId":"CreateTeamsMeeting"},"parameters":{"calendarid":"Calendar","item/subject":"Rapid Assist: Discuss @{outputs('Get_item')?['body/Category']}","item/body/content":"Rapid Assist: Discuss @{outputs('Get_item')?['body/Category']}","item/timeZone":"UTC","item/start/dateTime":"@formatDateTime(outputs('Get_item')?['body/Created'], 'yyyy-MM-ddTHH:mm:ssZ')","item/end/dateTime":"@addHours(outputs('Get_item')?['body/Created'],1,'yyyy-MM-ddTHH:mm:ssZ')","item/requiredAttendees":"@variables('members')"},"authentication":{"value":"@json(decodeBase64(triggerOutputs().headers['X-MS-APIM-Tokens']))['$ConnectionKey']","type":"Raw"}}},"SharePointId":{"runAfter":{"channelId":["Succeeded"]},"type":"InitializeVariable","inputs":{"variables":[{"name":"sharepointId","type":"integer","value":"@triggerBody()['SharePointId_Value']"}]}},"Update_item":{"runAfter":{"Create_a_Teams_meeting":["Succeeded"]},"type":"OpenApiConnection","inputs":{"host":{"apiId":"/providers/Microsoft.PowerApps/apis/shared_sharepointonline","connectionName":"shared_sharepointonline","operationId":"PatchItem"},"parameters":{"dataset":"RapidAssistSiteUrl","table":"RA_RequestListId","id":"@variables('sharepointId')","item/Title":"@outputs('Get_item')?['body/Title']","item/MeetingLink":"@outputs('Create_a_Teams_meeting')?['body/onlineMeeting/joinUrl']","item/CategoryID":"@variables('Category id')","item/Status":"Open"},"authentication":{"value":"@json(decodeBase64(triggerOutputs().headers['X-MS-APIM-Tokens']))['$ConnectionKey']","type":"Raw"}}},"channelId":{"runAfter":{"teamId":["Succeeded"]},"type":"InitializeVariable","inputs":{"variables":[{"name":"channelId","type":"string","value":"@triggerBody()['channelId_Value']"}]}},"Get_item":{"runAfter":{"Apply_to_each":["Succeeded"]},"type":"OpenApiConnection","inputs":{"host":{"apiId":"/providers/Microsoft.PowerApps/apis/shared_sharepointonline","connectionName":"shared_sharepointonline","operationId":"GetItem"},"parameters":{"dataset":"RapidAssistSiteUrl","table":"RA_RequestListId","id":"@variables('sharepointId')"},"authentication":{"value":"@json(decodeBase64(triggerOutputs().headers['X-MS-APIM-Tokens']))['$ConnectionKey']","type":"Raw"}}},"ExpertID":{"runAfter":{"Members":["Succeeded"]},"type":"InitializeVariable","inputs":{"variables":[{"name":"ExpertId","type":"integer","value":"@triggerBody()['ExpertID_Value']"}]}},"Respond_to_a_PowerApp_or_flow":{"runAfter":{"Update_item":["Succeeded"]},"type":"Response","kind":"PowerApp","inputs":{"statusCode":200,"body":{"meetingcreated":"true"},"schema":{"type":"object","properties":{"meetingcreated":{"title":"MeetingCreated","x-ms-dynamically-added":true,"type":"string"}}}}},"CategoryID":{"runAfter":{},"type":"InitializeVariable","inputs":{"variables":[{"name":"Category id","type":"string","value":"@{triggerBody()['CategoryID_Value']}"}]}}}},"connectionReferences":{"shared_office365groups":{"connectionName":"99a75e0eeec240938b95fb1853494b22","source":"Invoker","id":"/providers/Microsoft.PowerApps/apis/shared_office365groups","tier":"NotSpecified"},"shared_teams":{"connectionName":"shared-teams-6f32613b-946f-4e4b-b40d-41b40a2763e6","source":"Invoker","id":"/providers/Microsoft.PowerApps/apis/shared_teams","tier":"NotSpecified"},"shared_sharepointonline":{"connectionName":"63788c1ba7d04807906bf4b486757770","source":"Invoker","id":"/providers/Microsoft.PowerApps/apis/shared_sharepointonline","tier":"NotSpecified"}},"flowFailureAlertSubscribed":false}}