{"name":"0f848015-7b10-404c-8c6a-f4286192498d","id":"/providers/Microsoft.Flow/flows/0f848015-7b10-404c-8c6a-f4286192498d","type":"Microsoft.Flow/flows","properties":{"apiId":"/providers/Microsoft.PowerApps/apis/shared_logicflows","displayName":"SharepointCreationFlow","definition":{"metadata":{"workflowEntityId":null,"flowclientsuspensionreason":"None","flowclientsuspensiontime":null,"creator":{"id":"2ddf94bc-1689-44c6-be64-6b2747cd9125","type":"User","tenantId":"ad935f0d-56a1-4ef6-9699-7bed7e72fb6f"},"provisioningMethod":"FromDefinition","failureAlertSubscription":true,"clientLastModifiedTime":"2020-12-29T12:38:27.4549747Z"},"$schema":"https://schema.management.azure.com/providers/Microsoft.Logic/schemas/2016-06-01/workflowdefinition.json#","contentVersion":"1.0.0.0","parameters":{"$connections":{"defaultValue":{},"type":"Object"},"$authentication":{"defaultValue":{},"type":"SecureObject"}},"triggers":{"manual":{"type":"Request","kind":"Button","inputs":{"schema":{"type":"object","properties":{"text":{"title":"TeamSharepointUrl","type":"string","x-ms-dynamically-added":true,"description":"https://m365x019630.sharepoint.com/sites/RapidAssistDeploy","x-ms-content-hint":"TEXT"}},"required":["text"]}}}},"actions":{"List_of_SharePoint_Sites":{"runAfter":{},"type":"InitializeVariable","inputs":{"variables":[{"name":"List of SharePoint Sites","type":"array","value":["@{triggerBody()['text']}"]}]}},"Single_Line_of_text_Fields_Array":{"runAfter":{"List_of_SharePoint_Sites":["Succeeded"]},"type":"InitializeVariable","inputs":{"variables":[{"name":"Single Line of text Fields Array","type":"array"}]}},"For_All_SharePoint_sites":{"foreach":"@variables('List of SharePoint Sites')","actions":{"RA_CategoryList_Creation":{"actions":{"Set_variable":{"runAfter":{"RA_CategoryList":["Succeeded"]},"type":"SetVariable","inputs":{"name":"Single Line of text Fields Array","value":["CategoryID"]}},"RA_CategoryList":{"runAfter":{},"type":"OpenApiConnection","inputs":{"host":{"apiId":"/providers/Microsoft.PowerApps/apis/shared_sharepointonline","connectionName":"shared_sharepointonline","operationId":"HttpRequest"},"parameters":{"dataset":"@items('For_All_SharePoint_sites')","parameters/method":"POST","parameters/uri":"/_api/web/lists","parameters/headers":{"Accept":"application/json;odata=verbose","Content-Type":"application/json;odata=verbose"},"parameters/body":"{\n  \"__metadata\": {\"type\": \"SP.List\"},\n  \"AllowContentTypes\": true,\n  \"BaseTemplate\": 100,\n \"Description\": \"List for different categories \",\n \"Title\": \"RA_CategoryList\"\n}"},"authentication":{"value":"@json(decodeBase64(triggerOutputs().headers['X-MS-APIM-Tokens']))['$ConnectionKey']","type":"Raw"}}},"For_all_items_in_Single_line_of_text_array":{"foreach":"@variables('Single Line of text Fields Array')","actions":{"CategoryList":{"runAfter":{},"type":"OpenApiConnection","inputs":{"host":{"apiId":"/providers/Microsoft.PowerApps/apis/shared_sharepointonline","connectionName":"shared_sharepointonline","operationId":"HttpRequest"},"parameters":{"dataset":"@items('For_All_SharePoint_sites')","parameters/method":"POST","parameters/uri":"_api/lists/getbytitle('RA_CategoryList')/fields","parameters/headers":{"Accept":"application/json;odata=verbose","Content-Type":"application/json;odata=verbose"},"parameters/body":"{\n    '__metadata': {'type':'SP.FieldText','addToDefaultView': 'true'},\n    'FieldTypeKind': 2,\n    'Title': '@{items('For_all_items_in_Single_line_of_text_array')}'\n}"},"authentication":{"value":"@json(decodeBase64(triggerOutputs().headers['X-MS-APIM-Tokens']))['$ConnectionKey']","type":"Raw"}}},"Add_default_view_to_CategoryList":{"runAfter":{"CategoryList":["Succeeded"]},"type":"OpenApiConnection","inputs":{"host":{"apiId":"/providers/Microsoft.PowerApps/apis/shared_sharepointonline","connectionName":"shared_sharepointonline","operationId":"HttpRequest"},"parameters":{"dataset":"@items('For_All_SharePoint_sites')","parameters/method":"POST","parameters/uri":"_api/web/lists/GetByTitle('RA_CategoryList')/views/getbytitle('All Items')/ViewFields/AddViewField('@{items('For_all_items_in_Single_line_of_text_array')}')","parameters/headers":{"accept":"application/json;odata=verbose","content-Type":"application/json;odata=verbose"}},"authentication":{"value":"@json(decodeBase64(triggerOutputs().headers['X-MS-APIM-Tokens']))['$ConnectionKey']","type":"Raw"}}}},"runAfter":{"Set_variable":["Succeeded"]},"type":"Foreach"}},"runAfter":{},"type":"Scope"},"RA_QnAPairsCreation":{"actions":{"RA_QnAPairs":{"runAfter":{},"type":"OpenApiConnection","inputs":{"host":{"apiId":"/providers/Microsoft.PowerApps/apis/shared_sharepointonline","connectionName":"shared_sharepointonline","operationId":"HttpRequest"},"parameters":{"dataset":"@items('For_All_SharePoint_sites')","parameters/method":"POST","parameters/uri":"/_api/web/lists","parameters/headers":{"Accept":"application/json;odata=verbose","Content-Type":"application/json;odata=verbose"},"parameters/body":"{\n  \"__metadata\": {\"type\": \"SP.List\"},\n  \"AllowContentTypes\": true,\n  \"BaseTemplate\": 100,\n \"Description\": \"List for QnA Pair \",\n \"Title\": \"RA_QnAPairs\"\n}"},"authentication":{"value":"@json(decodeBase64(triggerOutputs().headers['X-MS-APIM-Tokens']))['$ConnectionKey']","type":"Raw"}}},"Set_variable_2":{"runAfter":{"RA_QnAPairs":["Succeeded"]},"type":"SetVariable","inputs":{"name":"Single Line of text Fields Array","value":["Questions","Answer"]}},"Apply_to_each":{"foreach":"@variables('Single Line of text Fields Array')","actions":{"RA_QnAPairs_list":{"runAfter":{},"type":"OpenApiConnection","inputs":{"host":{"apiId":"/providers/Microsoft.PowerApps/apis/shared_sharepointonline","connectionName":"shared_sharepointonline","operationId":"HttpRequest"},"parameters":{"dataset":"@items('For_All_SharePoint_sites')","parameters/method":"POST","parameters/uri":"_api/lists/getbytitle('RA_QnAPairs')/fields","parameters/headers":{"Accept":"application/json;odata=verbose","Content-Type":"application/json;odata=verbose"},"parameters/body":"{\n    '__metadata': {'type':'SP.FieldText','addToDefaultView': 'true'},\n    'FieldTypeKind': 3,\n    'Title': '@{items('Apply_to_each')}'\n}"},"authentication":{"value":"@json(decodeBase64(triggerOutputs().headers['X-MS-APIM-Tokens']))['$ConnectionKey']","type":"Raw"}}},"Add_default_view_to_RA_QnAPairs":{"runAfter":{"RA_QnAPairs_list":["Succeeded"]},"type":"OpenApiConnection","inputs":{"host":{"apiId":"/providers/Microsoft.PowerApps/apis/shared_sharepointonline","connectionName":"shared_sharepointonline","operationId":"HttpRequest"},"parameters":{"dataset":"@items('For_All_SharePoint_sites')","parameters/method":"POST","parameters/uri":"_api/web/lists/GetByTitle('RA_QnAPairs')/views/getbytitle('All Items')/ViewFields/AddViewField('@{items('Apply_to_each')}')","parameters/headers":{"accept":"application/json;odata=verbose","content-Type":"application/json;odata=verbose"}},"authentication":{"value":"@json(decodeBase64(triggerOutputs().headers['X-MS-APIM-Tokens']))['$ConnectionKey']","type":"Raw"}}}},"runAfter":{"Set_variable_2":["Succeeded"]},"type":"Foreach"}},"runAfter":{"RA_CategoryList_Creation":["Succeeded"]},"type":"Scope"},"RA_Requests_Creation":{"actions":{"RA_Requests":{"runAfter":{},"type":"OpenApiConnection","inputs":{"host":{"apiId":"/providers/Microsoft.PowerApps/apis/shared_sharepointonline","connectionName":"shared_sharepointonline","operationId":"HttpRequest"},"parameters":{"dataset":"@items('For_All_SharePoint_sites')","parameters/method":"POST","parameters/uri":"/_api/web/lists","parameters/headers":{"Accept":"application/json;odata=verbose","Content-Type":"application/json;odata=verbose"},"parameters/body":"{\n  \"__metadata\": {\"type\": \"SP.List\"},\n  \"AllowContentTypes\": true,\n  \"BaseTemplate\": 100,\n \"Description\": \"List for different requests \",\n \"Title\": \"RA_Requests\"\n}"},"authentication":{"value":"@json(decodeBase64(triggerOutputs().headers['X-MS-APIM-Tokens']))['$ConnectionKey']","type":"Raw"}}},"Apply_to_each_2":{"foreach":"@variables('Single Line of text Fields Array')","actions":{"RA_Requests_list":{"runAfter":{},"type":"OpenApiConnection","inputs":{"host":{"apiId":"/providers/Microsoft.PowerApps/apis/shared_sharepointonline","connectionName":"shared_sharepointonline","operationId":"HttpRequest"},"parameters":{"dataset":"@items('For_All_SharePoint_sites')","parameters/method":"POST","parameters/uri":"_api/lists/getbytitle('RA_Requests')/fields","parameters/headers":{"Accept":"application/json;odata=verbose","Content-Type":"application/json;odata=verbose"},"parameters/body":"{\n    '__metadata': {'type':'SP.FieldText','addToDefaultView': 'true'},\n    'FieldTypeKind': 2,\n    'Title': '@{items('Apply_to_each_2')}'\n}"},"authentication":{"value":"@json(decodeBase64(triggerOutputs().headers['X-MS-APIM-Tokens']))['$ConnectionKey']","type":"Raw"}}},"Add_default_view_to_RA_Requests":{"runAfter":{"RA_Requests_list":["Succeeded"]},"type":"OpenApiConnection","inputs":{"host":{"apiId":"/providers/Microsoft.PowerApps/apis/shared_sharepointonline","connectionName":"shared_sharepointonline","operationId":"HttpRequest"},"parameters":{"dataset":"@items('For_All_SharePoint_sites')","parameters/method":"POST","parameters/uri":"_api/web/lists/GetByTitle('RA_Requests')/views/getbytitle('All Items')/ViewFields/AddViewField('@{items('Apply_to_each_2')}')","parameters/headers":{"accept":"application/json;odata=verbose","content-Type":"application/json;odata=verbose"}},"authentication":{"value":"@json(decodeBase64(triggerOutputs().headers['X-MS-APIM-Tokens']))['$ConnectionKey']","type":"Raw"}}}},"runAfter":{"Set_variable_4":["Succeeded"]},"type":"Foreach"},"Set_variable_4":{"runAfter":{"RA_Requests":["Succeeded"]},"type":"SetVariable","inputs":{"name":"Single Line of text Fields Array","value":["MeetingLink","Category","Question","CategoryID","Status"]}},"Send_an_HTTP_request_to_SharePoint":{"runAfter":{"Apply_to_each_2":["Succeeded"]},"type":"OpenApiConnection","inputs":{"host":{"apiId":"/providers/Microsoft.PowerApps/apis/shared_sharepointonline","connectionName":"shared_sharepointonline","operationId":"HttpRequest"},"parameters":{"dataset":"@items('For_All_SharePoint_sites')","parameters/method":"POST","parameters/uri":"_api/lists/getbytitle('RA_Requests')/fields","parameters/headers":{"Accept":"application/json;odata=verbose","Content-Type":"application/json;odata=verbose"},"parameters/body":"{\n    '__metadata': {'type':'SP.Field'},\n    'FieldTypeKind': 3,\n    'Title': 'Description'\n}"},"authentication":{"value":"@json(decodeBase64(triggerOutputs().headers['X-MS-APIM-Tokens']))['$ConnectionKey']","type":"Raw"}}},"Send_an_HTTP_request_to_SharePoint_2":{"runAfter":{"Send_an_HTTP_request_to_SharePoint":["Succeeded"]},"type":"OpenApiConnection","inputs":{"host":{"apiId":"/providers/Microsoft.PowerApps/apis/shared_sharepointonline","connectionName":"shared_sharepointonline","operationId":"HttpRequest"},"parameters":{"dataset":"@items('For_All_SharePoint_sites')","parameters/method":"POST","parameters/uri":"_api/web/lists/GetByTitle('RA_Requests')/views/getbytitle('All Items')/ViewFields/AddViewField('Description')","parameters/headers":{"accept":"application/json;odata=verbose","content-Type":"application/json;odata=verbose"}},"authentication":{"value":"@json(decodeBase64(triggerOutputs().headers['X-MS-APIM-Tokens']))['$ConnectionKey']","type":"Raw"}}}},"runAfter":{"RA_QnAPairsCreation":["Succeeded"]},"type":"Scope"},"RA_CategoryTeamMapping_Creation":{"actions":{"RA_CategoryTeamMapping":{"runAfter":{},"type":"OpenApiConnection","inputs":{"host":{"apiId":"/providers/Microsoft.PowerApps/apis/shared_sharepointonline","connectionName":"shared_sharepointonline","operationId":"HttpRequest"},"parameters":{"dataset":"@items('For_All_SharePoint_sites')","parameters/method":"POST","parameters/uri":"/_api/web/lists","parameters/headers":{"Accept":"application/json;odata=verbose","Content-Type":"application/json;odata=verbose"},"parameters/body":"{\n  \"__metadata\": {\"type\": \"SP.List\"},\n  \"AllowContentTypes\": true,\n  \"BaseTemplate\": 100,\n \"Description\": \"List for CategoryMapping \",\n \"Title\": \"RA_CategoryTeamMapping\"\n}"},"authentication":{"value":"@json(decodeBase64(triggerOutputs().headers['X-MS-APIM-Tokens']))['$ConnectionKey']","type":"Raw"}}},"Set_variable_3":{"runAfter":{"RA_CategoryTeamMapping":["Succeeded"]},"type":"SetVariable","inputs":{"name":"Single Line of text Fields Array","value":["TeamID","CategoryName","CategoryID","ChannelId","Experts","ExpertNames"]}},"Apply_to_each_3":{"foreach":"@variables('Single Line of text Fields Array')","actions":{"RA_CategoryTeamMapping_list":{"runAfter":{},"type":"OpenApiConnection","inputs":{"host":{"apiId":"/providers/Microsoft.PowerApps/apis/shared_sharepointonline","connectionName":"shared_sharepointonline","operationId":"HttpRequest"},"parameters":{"dataset":"@items('For_All_SharePoint_sites')","parameters/method":"POST","parameters/uri":"_api/lists/getbytitle('RA_CategoryTeamMapping')/fields","parameters/headers":{"Accept":"application/json;odata=verbose","Content-Type":"application/json;odata=verbose"},"parameters/body":"{\n    '__metadata': {'type':'SP.FieldText','addToDefaultView': 'true'},\n    'FieldTypeKind': 2,\n    'Title': '@{items('Apply_to_each_3')}'\n}"},"authentication":{"value":"@json(decodeBase64(triggerOutputs().headers['X-MS-APIM-Tokens']))['$ConnectionKey']","type":"Raw"}}},"Add_default_view_to_RA_CategoryTeamMapping":{"runAfter":{"RA_CategoryTeamMapping_list":["Succeeded"]},"type":"OpenApiConnection","inputs":{"host":{"apiId":"/providers/Microsoft.PowerApps/apis/shared_sharepointonline","connectionName":"shared_sharepointonline","operationId":"HttpRequest"},"parameters":{"dataset":"@items('For_All_SharePoint_sites')","parameters/method":"POST","parameters/uri":"_api/web/lists/GetByTitle('RA_CategoryTeamMapping')/views/getbytitle('All Items')/ViewFields/AddViewField('@{items('Apply_to_each_3')}')","parameters/headers":{"accept":"application/json;odata=verbose","content-Type":"application/json;odata=verbose"}},"authentication":{"value":"@json(decodeBase64(triggerOutputs().headers['X-MS-APIM-Tokens']))['$ConnectionKey']","type":"Raw"}}}},"runAfter":{"Set_variable_3":["Succeeded"]},"type":"Foreach"}},"runAfter":{"RA_Requests_Creation":["Succeeded"]},"type":"Scope"}},"runAfter":{"Multiple_Lines_of_text_Fields_Array":["Succeeded"]},"type":"Foreach"},"Multiple_Lines_of_text_Fields_Array":{"runAfter":{"Single_Line_of_text_Fields_Array":["Succeeded"]},"type":"InitializeVariable","inputs":{"variables":[{"name":"Multiple Lines of Text","type":"array"}]}}}},"connectionReferences":{"shared_sharepointonline":{"connectionName":"270e627124844fd8b0cafde6ee456d20","source":"Invoker","id":"/providers/Microsoft.PowerApps/apis/shared_sharepointonline","tier":"NotSpecified"}},"flowFailureAlertSubscribed":false}}