{"name":"b4f37de8-9c9c-4f81-a3c8-6847ce3a82b6","id":"/providers/Microsoft.Flow/flows/b4f37de8-9c9c-4f81-a3c8-6847ce3a82b6","type":"Microsoft.Flow/flows","properties":{"apiId":"/providers/Microsoft.PowerApps/apis/shared_logicflows","displayName":"Send Teams Notification-2","definition":{"metadata":{"workflowEntityId":null,"flowclientsuspensionreason":"None","flowclientsuspensiontime":null,"creator":{"id":"e5d51810-90a7-4d30-bc9e-cdd66bced4f1","type":"User","tenantId":"efb8be03-af30-4722-8b7b-e9edaa03cf98"},"provisioningMethod":"FromDefinition","failureAlertSubscription":true,"clientLastModifiedTime":"2021-02-26T12:34:51.4960143Z"},"$schema":"https://schema.management.azure.com/providers/Microsoft.Logic/schemas/2016-06-01/workflowdefinition.json#","contentVersion":"1.0.0.0","parameters":{"$connections":{"defaultValue":{},"type":"Object"},"$authentication":{"defaultValue":{},"type":"SecureObject"}},"triggers":{"When_an_item_is_created_or_modified":{"recurrence":{"frequency":"Minute","interval":5},"splitOn":"@triggerOutputs()?['body/value']","type":"OpenApiConnection","inputs":{"host":{"apiId":"/providers/Microsoft.PowerApps/apis/shared_sharepointonline","connectionName":"shared_sharepointonline","operationId":"GetOnUpdatedItems"},"parameters":{"dataset":"RapidAssistSiteUrl","table":"RA_RequestListId"},"authentication":"@parameters('$authentication')"},"conditions":[{"expression":"@equals(triggerBody()?['Status'],'Open')"}]}},"actions":{"expert_item":{"runAfter":{"Get_item_":["Succeeded"]},"type":"OpenApiConnection","inputs":{"host":{"apiId":"/providers/Microsoft.PowerApps/apis/shared_sharepointonline","connectionName":"shared_sharepointonline","operationId":"GetItem"},"parameters":{"dataset":"RapidAssistSiteUrl","table":"RA_CategoryTeamMappingListId","id":"@outputs('Get_item_')?['body/ID']"},"authentication":"@parameters('$authentication')"}},"expert_email":{"runAfter":{"expert_item":["Succeeded"]},"type":"InitializeVariable","inputs":{"variables":[{"name":"expertEmails","type":"string"}]}},"Compose":{"runAfter":{"expert_email":["Succeeded"]},"type":"Compose","inputs":"@split(outputs('expert_item')?['body/Experts'], ', ')"},"Convert_time_zone":{"runAfter":{"Compose":["Succeeded"]},"type":"Expression","kind":"ConvertTimeZone","inputs":{"baseTime":"@triggerOutputs()?['body/Created']","formatString":"MMM dd, yyyy HH:mm","sourceTimeZone":"UTC","destinationTimeZone":"India Standard Time"}},"Apply_to_each_2":{"foreach":"@outputs('Compose')","actions":{"Append_to_expert_emails":{"runAfter":{},"type":"AppendToStringVariable","inputs":{"name":"expertEmails","value":"@concat('<at>', items('Apply_to_each_2'), '</at>', ' ')"}}},"runAfter":{"Convert_time_zone":["Succeeded"]},"type":"Foreach"},"Post_your_own_adaptive_card_as_the_Flow_bot_to_a_channel_2":{"runAfter":{"Apply_to_each_2":["Succeeded"]},"type":"OpenApiConnection","inputs":{"host":{"apiId":"/providers/Microsoft.PowerApps/apis/shared_teams","connectionName":"shared_teams","operationId":"PostChannelAdaptiveCard"},"parameters":{"groupId":"@outputs('Get_item_')?['body/TeamID']","PostAdaptiveCardRequest/recipient/channelId":"@outputs('Get_item_')?['body/ChannelId']","PostAdaptiveCardRequest/messageBody":"{      \n    \"type\": \"AdaptiveCard\",\n    \"body\": [\n       {\n            \"type\": \"TextBlock\",\n            \"size\": \"Medium\",\n            \"text\": \"Hi, experts! A team member needs rapid assistance.\",\n            \"weight\": \"Bolder\"\n        },\n        {\n            \"type\": \"TextBlock\",\n            \"size\": \"Medium\",\n            \"text\": \"Please join the meeting now.\",\n           \"weight\": \"Bolder\"\n        },\n {\n            \"type\": \"FactSet\",\n            \"facts\": [\n                {\n                    \"title\": \"**Category:**\",\n                    \"value\": \"@{triggerOutputs()?['body/Category']}\"\n                },\n               {\n                    \"title\": \"**Request:**\",\n                     \"value\":\"@{triggerOutputs()?['body/Description']}\"\n             }\n            ],\n            \"spacing\": \"None\"\n        },\n        {\n            \"type\": \"FactSet\",\n            \"facts\": [\n               {\n                    \"title\": \"**Requested by:**\",\n                    \"value\": \"@{triggerOutputs()?['body/Author/DisplayName']}\"\n                },\n                {\n                 \"title\": \"**Requested on:**\",\n                  \"value\": \"@{body('Convert_time_zone')}\"\n                }\n            ],\n            \"spacing\": \"None\"\n        },\n        {\n            \"type\": \"TextBlock\",\n            \"text\": \"@{variables('expertEmails')} \",\n            \"wrap\": true\n        }\n    ],\n   \n   \"actions\": [\n        {\n            \"type\": \"Action.OpenUrl\",\n            \"title\": \"Join meeting\",\n            \"url\": \"@{triggerOutputs()?['body/MeetingLink']}\"\n        },\n     {\n            \"type\": \"Action.OpenUrl\",\n            \"title\": \"Chat with @{triggerOutputs()?['body/Author/DisplayName']}\",\n            \"url\": \"https://teams.microsoft.com/I/chat/0/0?users=@{triggerOutputs()?['body/Author/Email']}\"\n        }\n],\n    \"$schema\": \"http://adaptivecards.io/schemas/adaptive-card.json\",\n    \"version\": \"1.2\"\n}"},"authentication":"@parameters('$authentication')"}},"Get_items":{"runAfter":{},"type":"OpenApiConnection","inputs":{"host":{"apiId":"/providers/Microsoft.PowerApps/apis/shared_sharepointonline","connectionName":"shared_sharepointonline","operationId":"GetItems"},"parameters":{"dataset":"RapidAssistSiteUrl","table":"RA_CategoryTeamMappingListId","$filter":"CategoryID eq '@{triggerOutputs()?['body/CategoryID']}'"},"authentication":"@parameters('$authentication')"}},"Category_ID":{"runAfter":{"Get_items":["Succeeded"]},"type":"InitializeVariable","inputs":{"variables":[{"name":"Category ID","type":"string"}]}},"Apply_to_each":{"foreach":"@outputs('Get_items')?['body/value']","actions":{"Append_to_string_variable":{"runAfter":{},"type":"AppendToStringVariable","inputs":{"name":"category id","value":"@items('Apply_to_each')?['ID']"}}},"runAfter":{"Category_ID":["Succeeded"]},"type":"Foreach"},"Category_ID_Int":{"runAfter":{"Compose_3":["Succeeded"]},"type":"InitializeVariable","inputs":{"variables":[{"name":"Category ID Int","type":"integer","value":"@outputs('Compose_3')"}]}},"Get_item_":{"runAfter":{"Category_ID_Int":["Succeeded"]},"type":"OpenApiConnection","inputs":{"host":{"apiId":"/providers/Microsoft.PowerApps/apis/shared_sharepointonline","connectionName":"shared_sharepointonline","operationId":"GetItem"},"parameters":{"dataset":"RapidAssistSiteUrl","table":"RA_CategoryTeamMappingListId","id":"@variables('Category ID Int')"},"authentication":"@parameters('$authentication')"}},"Compose_2":{"runAfter":{"Apply_to_each":["Succeeded"]},"type":"Compose","inputs":"@variables('Category ID')"},"Compose_3":{"runAfter":{"Compose_2":["Succeeded"]},"type":"Compose","inputs":"@int(outputs('Compose_2'))"}}},"connectionReferences":{"shared_sharepointonline":{"connectionName":"3650f1090dc94f108d90d07e1491bb58","source":"Embedded","id":"/providers/Microsoft.PowerApps/apis/shared_sharepointonline","tier":"NotSpecified"},"shared_teams":{"connectionName":"0dbe206a48d84211b367a8c175be43eb","source":"Embedded","id":"/providers/Microsoft.PowerApps/apis/shared_teams","tier":"NotSpecified"}},"flowFailureAlertSubscribed":false}}