{"name":"fac13fce-8e6d-4c90-862b-010199e8d954","id":"/providers/Microsoft.Flow/flows/fac13fce-8e6d-4c90-862b-010199e8d954","type":"Microsoft.Flow/flows","properties":{"apiId":"/providers/Microsoft.PowerApps/apis/shared_logicflows","displayName":"DataInsertionFlow-QnAPair","definition":{"metadata":{"workflowEntityId":null,"flowclientsuspensionreason":"None","flowclientsuspensiontime":null,"creator":{"id":"2ddf94bc-1689-44c6-be64-6b2747cd9125","type":"User","tenantId":"ad935f0d-56a1-4ef6-9699-7bed7e72fb6f"},"provisioningMethod":"FromDefinition","failureAlertSubscription":true,"clientLastModifiedTime":"2021-01-17T19:07:05.8054695Z"},"$schema":"https://schema.management.azure.com/providers/Microsoft.Logic/schemas/2016-06-01/workflowdefinition.json#","contentVersion":"1.0.0.0","parameters":{"$connections":{"defaultValue":{},"type":"Object"},"$authentication":{"defaultValue":{},"type":"SecureObject"}},"triggers":{"manual":{"type":"Request","kind":"Button","inputs":{"schema":{"type":"object","properties":{"text":{"title":"TeamSharepointUrl","type":"string","x-ms-dynamically-added":true,"description":"https://m365x019630.sharepoint.com/sites/RapidAssistFlowTest","x-ms-content-hint":"TEXT"}},"required":["text"]}}}},"actions":{"Get_tables":{"runAfter":{},"metadata":{"01E6V3UQ6MKU4D54RMRJEIOQ3XVPLNN53L":"/Rapid Assist App Categories.xlsx","tableId":null,"01E6V3UQZDJCOEHRXVLNE2OVYTALATHFG4":"/QnAPair.xlsx"},"type":"OpenApiConnection","inputs":{"host":{"apiId":"/providers/Microsoft.PowerApps/apis/shared_excelonlinebusiness","connectionName":"shared_excelonlinebusiness","operationId":"GetTables"},"parameters":{"source":"me","drive":"b!VpyKrnOEOkaa1vHVSNARJBmdP5SJR_5NryYGRIrrkXSy_YCla3WAR5dEUovn65IM","file":"01E6V3UQZDJCOEHRXVLNE2OVYTALATHFG4"},"authentication":{"value":"@json(decodeBase64(triggerOutputs().headers['X-MS-APIM-Tokens']))['$ConnectionKey']","type":"Raw"}}},"Apply_to_each_2":{"foreach":"@outputs('Get_tables')?['body/value']","actions":{"List_rows_present__in_a_table":{"runAfter":{},"metadata":{"01E6V3UQ6MKU4D54RMRJEIOQ3XVPLNN53L":"/Rapid Assist App Categories.xlsx","tableId":"{3EF28127-B60D-4576-AF30-1804484DE3B6}","01E6V3UQZDJCOEHRXVLNE2OVYTALATHFG4":"/QnAPair.xlsx"},"type":"OpenApiConnection","inputs":{"host":{"apiId":"/providers/Microsoft.PowerApps/apis/shared_excelonlinebusiness","connectionName":"shared_excelonlinebusiness","operationId":"GetItems"},"parameters":{"source":"me","drive":"b!VpyKrnOEOkaa1vHVSNARJBmdP5SJR_5NryYGRIrrkXSy_YCla3WAR5dEUovn65IM","file":"01E6V3UQZDJCOEHRXVLNE2OVYTALATHFG4","table":"{3EF28127-B60D-4576-AF30-1804484DE3B6}"},"authentication":{"value":"@json(decodeBase64(triggerOutputs().headers['X-MS-APIM-Tokens']))['$ConnectionKey']","type":"Raw"}}},"Apply_to_each":{"foreach":"@outputs('List_rows_present__in_a_table')?['body/value']","actions":{"Create_item":{"runAfter":{},"type":"OpenApiConnection","inputs":{"host":{"apiId":"/providers/Microsoft.PowerApps/apis/shared_sharepointonline","connectionName":"shared_sharepointonline","operationId":"PostItem"},"parameters":{"dataset":"https://m365x019630.sharepoint.com/sites/RapidAssist","table":"62e97566-0d4b-464a-ada1-29b2392a7c6c","item/Title":"@guid()","item/Questions":"@items('Apply_to_each')?['Questions']","item/Answer":"@items('Apply_to_each')?['Answers']"},"authentication":{"value":"@json(decodeBase64(triggerOutputs().headers['X-MS-APIM-Tokens']))['$ConnectionKey']","type":"Raw"}},"description":"Site - RapidAssist Site URL, ListName - RA_QnAPairs"}},"runAfter":{"List_rows_present__in_a_table":["Succeeded"]},"type":"Foreach"}},"runAfter":{"Get_tables":["Succeeded"]},"type":"Foreach"}}},"connectionReferences":{"shared_excelonlinebusiness":{"connectionName":"shared-excelonlinebu-43de4ee2-3815-442c-8ef1-8149-fdbd9e9a","source":"Invoker","id":"/providers/Microsoft.PowerApps/apis/shared_excelonlinebusiness","tier":"NotSpecified"},"shared_sharepointonline":{"connectionName":"270e627124844fd8b0cafde6ee456d20","source":"Invoker","id":"/providers/Microsoft.PowerApps/apis/shared_sharepointonline","tier":"NotSpecified"}},"flowFailureAlertSubscribed":false}}