{"schemaVersion":"1.0","appDefinitionTemplate":{"id":"/providers/Microsoft.PowerApps/apps/","type":"Microsoft.PowerApps/apps","tags":{"primaryDeviceWidth":"640","primaryDeviceHeight":"1136","sienaVersion":"20210304T142856Z-3.21023.28.0","deviceCapabilities":"","supportsPortrait":"true","supportsLandscape":"false","primaryFormFactor":"Phone","publisherVersion":"3.21023.28","minimumRequiredApiVersion":"2.2.0","hasComponent":"true","hasUnlockedComponent":"true","isUnifiedRootApp":"false"},"properties":{"appVersion":"2021-03-04T14:28:56Z","lifeCycleId":"Published","createdByClientVersion":{"major":3,"minor":21023,"build":28,"revision":0,"majorRevision":0,"minorRevision":0},"minClientVersion":{"major":3,"minor":21023,"build":28,"revision":0,"majorRevision":0,"minorRevision":0},"backgroundColor":"rgba(0, 99, 177, 1)","backgroundImageUri":"/9859917467956845813/N2f219d2c-3350-492d-a95e-30e76d9da027-logoSmallFile","displayName":"Rapid Assist - Experts","description":"","commitMessage":"","appUris":{"documentUri":{"value":"/9859917467956845813/Nbe9e2de9-9673-4bfd-86fe-8dd9da6fd913-document.msapp"},"imageUris":[]},"createdTime":"0001-01-01T00:00:00Z","lastModifiedTime":"0001-01-01T00:00:00Z","sharedGroupsCount":0,"sharedUsersCount":0,"icons":{"smallIconUri":"/9859917467956845813/N9f865379-1eb3-4230-8f87-8d64d9b7e518-small.png","mediumIconUri":"/9859917467956845813/N7dcaaac6-51a7-40f9-837c-c3ecf009cd89-medium.png","largeIconUri":"/9859917467956845813/N1c3a73d6-0fae-4d95-8bc9-d40d786a27e1-large.png","wideIconUri":"/9859917467956845813/N7f67b574-a8d5-4941-b0da-9e76592e5ea4-wide.png"},"connectionReferences":{"7b78cc39-bf0f-4d91-ba2e-cc50671aca23":{"id":"a5aadcea-df88-49f6-b059-d06fc076899e","displayName":"Office 365 Users","iconUri":"https://connectoricons-prod.azureedge.net/releases/v1.0.1430/1.0.1430.2296/office365users/icon.png","dataSources":["Office365Users"],"dependencies":[],"dependents":[],"parameterHints":{},"isOnPremiseConnection":false,"bypassConsent":false,"dataSets":{},"apiTier":"Standard","isCustomApiConnection":false,"actions":["MyProfileV2"]},"0c4f8540-910a-42ad-b620-e1964f93d376":{"id":"c41ba90f-8488-4f2b-a97a-f304c709b247","displayName":"Office 365 Groups","iconUri":"https://connectoricons-prod.azureedge.net/releases/v1.0.1438/1.0.1438.2324/office365groups/icon.png","dataSources":["Office365Groups"],"dependencies":[],"dependents":[],"parameterHints":{},"isOnPremiseConnection":false,"bypassConsent":false,"dataSets":{},"apiTier":"Standard","isCustomApiConnection":false,"actions":["ListGroupMembers"]},"d78db45d-403c-447d-a6b3-fad96aa986c7":{"id":"370b0c1d-7f36-46f0-87d0-acd8e3128117","displayName":"Microsoft Teams","iconUri":"https://connectoricons-prod.azureedge.net/releases/v1.0.1436/1.0.1436.2319/teams/icon.png","dataSources":["MicrosoftTeams"],"dependencies":[],"dependents":[],"parameterHints":{},"isOnPremiseConnection":false,"bypassConsent":false,"dataSets":{},"apiTier":"Standard","isCustomApiConnection":false,"actions":["GetChannelsForGroup","GetAllTeams"]},"ab355a3a-1a47-4dce-88c1-20e6dd1ae616":{"id":"23811809-6ae7-4a39-8ba4-b253b53891a2","displayName":"SharePoint","iconUri":"https://connectoricons-prod.azureedge.net/releases/v1.0.1441/1.0.1441.2334/sharepointonline/icon.png","dataSources":["RA_CategoryList","RA_CategoryTeamMapping","RA_QnAPairs","RA_Requests","RA_TeamSettings"],"dependencies":[],"dependents":[],"parameterHints":{},"isOnPremiseConnection":false,"bypassConsent":false,"dataSets":{"https://m365x539479.sharepoint.com/sites/RapidAssistSite":{"dataSources":{"RA_CategoryList":{"tableName":"1c4f644f-2167-4366-badd-9fa3fac400ab"},"RA_CategoryTeamMapping":{"tableName":"9c1b1d31-3453-475d-ae05-78e359c19f85"},"RA_QnAPairs":{"tableName":"41f193c5-1b5b-4bdb-a2f0-4381b83e9663"},"RA_Requests":{"tableName":"7328a0b1-f6d0-429f-be86-f8756c2d8d50"},"RA_TeamSettings":{"tableName":"2c480a84-2ed5-4084-91da-425414ac9299"}}}},"apiTier":"Standard","isCustomApiConnection":false}},"databaseReferences":{},"almMode":"Environment","performanceOptimizationEnabled":true,"canConsumeAppPass":true,"executionRestrictions":{"isTeamsOnly":false,"dataLossPreventionEvaluationResult":{"status":"Compliant","lastEvaluationDate":"2021-01-15T12:23:53.6564247Z","violationDetails":[]}}},"isAppComponentLibrary":false,"appType":"ClassicCanvasApp","appComponents":[]}}