{"name":"c253d827-0687-446e-af04-6f469d5789a8","id":"/providers/Microsoft.Flow/flows/c253d827-0687-446e-af04-6f469d5789a8","type":"Microsoft.Flow/flows","properties":{"apiId":"/providers/Microsoft.PowerApps/apis/shared_logicflows","displayName":"Send Teams Notification","definition":{"metadata":{"workflowEntityId":null,"flowclientsuspensionreason":"None","flowclientsuspensiontime":null,"creator":{"id":"2ddf94bc-1689-44c6-be64-6b2747cd9125","type":"User","tenantId":"ad935f0d-56a1-4ef6-9699-7bed7e72fb6f"},"provisioningMethod":"FromDefinition","failureAlertSubscription":true,"clientLastModifiedTime":"2021-01-15T12:42:28.6509969Z"},"$schema":"https://schema.management.azure.com/providers/Microsoft.Logic/schemas/2016-06-01/workflowdefinition.json#","contentVersion":"1.0.0.0","parameters":{"$connections":{"defaultValue":{},"type":"Object"},"$authentication":{"defaultValue":{},"type":"SecureObject"}},"triggers":{"manual":{"type":"Request","kind":"PowerApp","inputs":{"schema":{"type":"object","properties":{"Initializevariable_Value":{"type":"string","description":"Enter initial value. This parameter is used as part of \"481139E2-FEAE-4175-A1B3-2E11A8FC9E2A\"","x-ms-powerflows-param-ispartial":true},"channelId_Value":{"type":"string","description":"Enter initial value","x-ms-powerflows-param-ispartial":false},"ExpertID_Value":{"type":"integer","description":"Enter initial value","x-ms-powerflows-param-ispartial":false},"SharePointId_Value":{"type":"integer","description":"Enter initial value","x-ms-powerflows-param-ispartial":false}},"required":["Initializevariable_Value","channelId_Value","ExpertID_Value","SharePointId_Value"]}}}},"actions":{"teamId":{"runAfter":{},"type":"InitializeVariable","inputs":{"variables":[{"name":"teamId","type":"string","value":"@{triggerBody()['Initializevariable_Value']}"}]}},"List_group_members":{"runAfter":{"ExpertID":["Succeeded"]},"type":"OpenApiConnection","inputs":{"host":{"apiId":"/providers/Microsoft.PowerApps/apis/shared_office365groups","connectionName":"shared_office365groups","operationId":"ListGroupMembers"},"parameters":{"groupId":"@variables('teamId')"},"authentication":{"value":"@json(decodeBase64(triggerOutputs().headers['X-MS-APIM-Tokens']))['$ConnectionKey']","type":"Raw"}}},"Members":{"runAfter":{"SharePointId":["Succeeded"]},"type":"InitializeVariable","inputs":{"variables":[{"name":"members","type":"string"}]}},"Apply_to_each":{"foreach":"@outputs('List_group_members')?['body/value']","actions":{"Append_to_string_variable":{"runAfter":{},"type":"AppendToStringVariable","inputs":{"name":"members","value":"@concat(items('Apply_to_each')?['mail'],';')"}}},"runAfter":{"List_group_members":["Succeeded"]},"type":"Foreach"},"Create_a_Teams_meeting":{"runAfter":{"Get_item":["Succeeded"]},"type":"OpenApiConnection","inputs":{"host":{"apiId":"/providers/Microsoft.PowerApps/apis/shared_teams","connectionName":"shared_teams","operationId":"CreateTeamsMeeting"},"parameters":{"calendarid":"Calendar","item/subject":"Rapid Assist: Discuss @{outputs('Get_item')?['body/Category']}","item/body/content":"Rapid Assist: Discuss @{outputs('Get_item')?['body/Category']}","item/timeZone":"UTC","item/start/dateTime":"@formatDateTime(outputs('Get_item')?['body/Created'], 'yyyy-MM-ddTHH:mm:ssZ')","item/end/dateTime":"@addHours(outputs('Get_item')?['body/Created'],1,'yyyy-MM-ddTHH:mm:ssZ')","item/requiredAttendees":"@variables('members')"},"authentication":{"value":"@json(decodeBase64(triggerOutputs().headers['X-MS-APIM-Tokens']))['$ConnectionKey']","type":"Raw"}}},"SharePointId":{"runAfter":{"channelId":["Succeeded"]},"type":"InitializeVariable","inputs":{"variables":[{"name":"sharepointId","type":"integer","value":"@triggerBody()['SharePointId_Value']"}]}},"Update_item":{"runAfter":{"Create_a_Teams_meeting":["Succeeded"]},"type":"OpenApiConnection","inputs":{"host":{"apiId":"/providers/Microsoft.PowerApps/apis/shared_sharepointonline","connectionName":"shared_sharepointonline","operationId":"PatchItem"},"parameters":{"dataset":"RapidAssistSiteUrl","table":"RA_RequestListId","id":"@variables('sharepointId')","item/Title":"@outputs('Get_item')?['body/Title']","item/MeetingLink":"@outputs('Create_a_Teams_meeting')?['body/onlineMeeting/joinUrl']","item/Status":"Open"},"authentication":{"value":"@json(decodeBase64(triggerOutputs().headers['X-MS-APIM-Tokens']))['$ConnectionKey']","type":"Raw"}}},"channelId":{"runAfter":{"teamId":["Succeeded"]},"type":"InitializeVariable","inputs":{"variables":[{"name":"channelId","type":"string","value":"@triggerBody()['channelId_Value']"}]}},"expert_item":{"runAfter":{"Update_item":["Succeeded"]},"type":"OpenApiConnection","inputs":{"host":{"apiId":"/providers/Microsoft.PowerApps/apis/shared_sharepointonline","connectionName":"shared_sharepointonline","operationId":"GetItem"},"parameters":{"dataset":"RapidAssistSiteUrl","table":"RA_CategoryTeamMappingListId","id":"@variables('ExpertId')"},"authentication":{"value":"@json(decodeBase64(triggerOutputs().headers['X-MS-APIM-Tokens']))['$ConnectionKey']","type":"Raw"}}},"expert_email":{"runAfter":{"Respond_to_a_PowerApp_or_flow":["Succeeded"]},"type":"InitializeVariable","inputs":{"variables":[{"name":"expertEmails","type":"string"}]}},"Compose":{"runAfter":{"expert_email":["Succeeded"]},"type":"Compose","inputs":"@split(outputs('expert_item')?['body/Experts'],', ')"},"Apply_to_each_2":{"foreach":"@outputs('Compose')","actions":{"Append_to_expert_emails":{"runAfter":{},"type":"AppendToStringVariable","inputs":{"name":"expertEmails","value":"@concat('<at>',items('Apply_to_each_2'),'</at>',' ')"}}},"runAfter":{"Convert_time_zone":["Succeeded"]},"type":"Foreach"},"Get_item":{"runAfter":{"Apply_to_each":["Succeeded"]},"type":"OpenApiConnection","inputs":{"host":{"apiId":"/providers/Microsoft.PowerApps/apis/shared_sharepointonline","connectionName":"shared_sharepointonline","operationId":"GetItem"},"parameters":{"dataset":"RapidAssistSiteUrl","table":"RA_RequestListId","id":"@variables('sharepointId')"},"authentication":{"value":"@json(decodeBase64(triggerOutputs().headers['X-MS-APIM-Tokens']))['$ConnectionKey']","type":"Raw"}}},"ExpertID":{"runAfter":{"Members":["Succeeded"]},"type":"InitializeVariable","inputs":{"variables":[{"name":"ExpertId","type":"integer","value":"@triggerBody()['ExpertID_Value']"}]}},"Convert_time_zone":{"runAfter":{"Compose":["Succeeded"]},"type":"Expression","kind":"ConvertTimeZone","inputs":{"baseTime":"@outputs('Get_item')?['body/Created']","formatString":"MMM dd, yyyy HH:mm","sourceTimeZone":"UTC","destinationTimeZone":"India Standard Time"}},"Respond_to_a_PowerApp_or_flow":{"runAfter":{"expert_item":["Succeeded"]},"type":"Response","kind":"PowerApp","inputs":{"statusCode":200,"body":{"meetingcreated":"true"},"schema":{"type":"object","properties":{"meetingcreated":{"title":"MeetingCreated","x-ms-dynamically-added":true,"type":"string"}}}}},"Initialize_variable":{"runAfter":{"Apply_to_each_2":["Succeeded"]},"type":"InitializeVariable","inputs":{"variables":[{"name":"CardRequest","type":"string","value":"@{concat('**',triggerBody()['PostyourownadaptivecardastheFlowbottoauser_Message_3'],'**')} "}]}},"Post_your_own_adaptive_card_as_the_Flow_bot_to_a_channel_2":{"runAfter":{"Initialize_variable":["Succeeded"]},"type":"OpenApiConnection","inputs":{"host":{"apiId":"/providers/Microsoft.PowerApps/apis/shared_teams","connectionName":"shared_teams","operationId":"PostChannelAdaptiveCard"},"parameters":{"groupId":"@variables('teamId')","PostAdaptiveCardRequest/recipient/channelId":"@variables('channelId')","PostAdaptiveCardRequest/messageBody":"{      \n    \"type\": \"AdaptiveCard\",\n    \"body\": [\n       {\n            \"type\": \"TextBlock\",\n            \"size\": \"Medium\",\n            \"text\": \"@{triggerBody()['PostyourownadaptivecardastheFlowbottoauser_Message']}\",\n            \"weight\": \"Bolder\"\n        },\n        {\n            \"type\": \"TextBlock\",\n            \"size\": \"Medium\",\n            \"text\": \"@{triggerBody()['PostyourownadaptivecardastheFlowbottoauser_Message_1']}\",\n           \"weight\": \"Bolder\"\n        },\n {\n            \"type\": \"FactSet\",\n            \"facts\": [\n                {\n                    \"title\": \"**@{triggerBody()['PostyourownadaptivecardastheFlowbottoauser_Message_2']}**\",\n                    \"value\": \"@{outputs('Get_item')?['body/Category']}\"\n                }\n            ],\n         \n            \"spacing\": \"None\"\n        },\n        {\n            \"type\": \"TextBlock\",\n            \"text\": \" @{variables('CardRequest')} @{outputs('Get_item')?['body/Description']} \",\n            \"wrap\": true,\n            \"spacing\": \"None\",\n        },\n        {\n            \"type\": \"FactSet\",\n            \"facts\": [\n                {\n                    \"title\": \"**@{triggerBody()['PostyourownadaptivecardastheFlowbottoauser_Message_4']}**\",\n                    \"value\": \"@{outputs('Get_item')?['body/Author/DisplayName']}\"\n                },\n                {\n                 \"title\": \"**@{triggerBody()['PostyourownadaptivecardastheFlowbottoauser_Message_5']}**\",\n                  \"value\": \"@{body('Convert_time_zone')}\"\n                }\n            ],\n         \n            \"spacing\": \"None\"\n        },\n        {\n            \"type\": \"TextBlock\",\n            \"text\": \"@{variables('expertEmails')} \",\n            \"wrap\": true\n        }\n    ],\n   \n   \"actions\": [\n        {\n            \"type\": \"Action.OpenUrl\",\n            \"title\": \"Join meeting\",\n            \"url\": \"@{outputs('Create_a_Teams_meeting')?['body/onlineMeeting/joinUrl']}\"\n        },\n     {\n            \"type\": \"Action.OpenUrl\",\n            \"title\": \"Chat with @{outputs('Get_item')?['body/Author/DisplayName']}\",\n            \"url\": \"https://teams.microsoft.com/I/chat/0/0?users=@{outputs('Get_item')?['body/Author/Email']}\"\n        }\n],\n    \"$schema\": \"http://adaptivecards.io/schemas/adaptive-card.json\",\n    \"version\": \"1.2\"\n}"},"authentication":{"value":"@json(decodeBase64(triggerOutputs().headers['X-MS-APIM-Tokens']))['$ConnectionKey']","type":"Raw"}}}}},"connectionReferences":{"shared_office365groups":{"connectionName":"568adba93529430c8cd6be323f467c3e","source":"Invoker","id":"/providers/Microsoft.PowerApps/apis/shared_office365groups","tier":"NotSpecified"},"shared_teams":{"connectionName":"a9e1863c27d340f09480b6a6fe15eba9","source":"Invoker","id":"/providers/Microsoft.PowerApps/apis/shared_teams","tier":"NotSpecified"},"shared_sharepointonline":{"connectionName":"270e627124844fd8b0cafde6ee456d20","source":"Invoker","id":"/providers/Microsoft.PowerApps/apis/shared_sharepointonline","tier":"NotSpecified"}},"flowFailureAlertSubscribed":false}}