{"schemaVersion":"1.0","appDefinitionTemplate":{"id":"/providers/Microsoft.PowerApps/apps/","type":"Microsoft.PowerApps/apps","tags":{"primaryDeviceWidth":"640","primaryDeviceHeight":"1136","sienaVersion":"20210117T184610Z-3.20122.13.0","deviceCapabilities":"","supportsPortrait":"true","supportsLandscape":"false","primaryFormFactor":"Phone","publisherVersion":"3.20122.13","minimumRequiredApiVersion":"2.2.0","hasComponent":"true","hasUnlockedComponent":"true","isUnifiedRootApp":"false"},"properties":{"appVersion":"2021-01-17T18:46:10Z","lifeCycleId":"Published","createdByClientVersion":{"major":3,"minor":20122,"build":13,"revision":0,"majorRevision":0,"minorRevision":0},"minClientVersion":{"major":3,"minor":20122,"build":13,"revision":0,"majorRevision":0,"minorRevision":0},"backgroundColor":"rgba(0, 99, 177, 1)","backgroundImageUri":"/9213535189605727574/N097988ec-f387-47dc-be2e-4776a36bcf5e-logoSmallFile","displayName":"Rapid Assist","description":"","commitMessage":"","appUris":{"documentUri":{"value":"/9213535189605727574/N3abfee4c-d737-4f85-99cf-f8c165b0fd32-document.msapp"},"imageUris":[]},"createdTime":"0001-01-01T00:00:00Z","lastModifiedTime":"0001-01-01T00:00:00Z","sharedGroupsCount":0,"sharedUsersCount":0,"icons":{"smallIconUri":"/9213535189605727574/N2d9cbc54-f80a-466b-9030-e76ddedf8c4f-small.png","mediumIconUri":"/9213535189605727574/Nc33023cd-d538-4d5d-9daf-cb9c2c4b27ff-medium.png","largeIconUri":"/9213535189605727574/Nffeff252-d13b-4d5d-98c2-fafd7aae0956-large.png","wideIconUri":"/9213535189605727574/Nc245fa94-7db5-4e77-8a21-d5338596304d-wide.png"},"connectionReferences":{"ab2c7122-222d-4bc6-942b-5647d124f4e7":{"id":"1cab28eb-6f4e-43c2-97c3-d1e597751b1c","displayName":"SharePoint","iconUri":"https://connectoricons-prod.azureedge.net/releases/v1.0.1429/1.0.1429.2295/sharepointonline/icon.png","dataSources":["RA_CategoryList","RA_CategoryTeamMapping","RA_QnAPairs","RA_Requests"],"dependencies":[],"dependents":["0acbc076-7224-4b67-8eac-7b4f1baa606d"],"parameterHints":{},"isOnPremiseConnection":false,"bypassConsent":false,"dataSets":{"https://m365x019630.sharepoint.com/sites/RapidAssistDeploy":{"dataSources":{"RA_CategoryList":{"tableName":"8acae8ed-2b2c-4c5c-b009-7760d35abebb"},"RA_CategoryTeamMapping":{"tableName":"ea941b14-98a1-49d4-a4b6-872a84dcb202"},"RA_QnAPairs":{"tableName":"84192bf0-e329-4774-a44c-1968d9f845ce"},"RA_Requests":{"tableName":"c9e68e86-0352-4c5a-be96-1dd7bb750b25"}}}},"apiTier":"Standard","isCustomApiConnection":false},"7b78cc39-bf0f-4d91-ba2e-cc50671aca23":{"id":"3cc1a776-e79f-4125-ba3c-e2dcfd1f9270","displayName":"Office 365 Users","iconUri":"https://connectoricons-prod.azureedge.net/releases/v1.0.1430/1.0.1430.2296/office365users/icon.png","dataSources":["Office365Users"],"dependencies":[],"dependents":[],"parameterHints":{},"isOnPremiseConnection":false,"bypassConsent":false,"dataSets":{},"apiTier":"Standard","isCustomApiConnection":false,"actions":["MyProfileV2"]},"0acbc076-7224-4b67-8eac-7b4f1baa606d":{"id":"e84d85e2-7cd7-42b1-8769-60a50b48f5da","displayName":"Logic flows","iconUri":"https://resourcestackdeploy.blob.core.windows.net/scripts/13276078.png","dataSources":["SendTeamsNotification-Refreshloc"],"dependencies":["c356c59c-22e1-4f37-934b-92a81d3799d5","a14d3488-4176-4279-a38e-a4366d3c7b3d","ab2c7122-222d-4bc6-942b-5647d124f4e7"],"dependents":[],"parameterHints":{"workflowName":{"value":"2a3b624e-28f4-4360-bd81-dcdd91a7bffa"},"c356c59c-22e1-4f37-934b-92a81d3799d5":{"value":"shared_office365groups"},"a14d3488-4176-4279-a38e-a4366d3c7b3d":{"value":"shared_teams"},"ab2c7122-222d-4bc6-942b-5647d124f4e7":{"value":"shared_sharepointonline"}},"isOnPremiseConnection":false,"bypassConsent":false,"dataSets":{},"apiTier":"Standard","isCustomApiConnection":false,"actions":["Run"]},"c356c59c-22e1-4f37-934b-92a81d3799d5":{"id":"5cf82716-b89a-4706-ab18-0f39a2600e19","displayName":"Office 365 Groups","iconUri":"https://connectoricons-prod.azureedge.net/releases/v1.0.1429/1.0.1429.2295/office365groups/icon.png","dataSources":[],"dependencies":[],"dependents":["0acbc076-7224-4b67-8eac-7b4f1baa606d"],"parameterHints":{},"isOnPremiseConnection":false,"bypassConsent":false,"dataSets":{},"apiTier":"Standard","isCustomApiConnection":false},"a14d3488-4176-4279-a38e-a4366d3c7b3d":{"id":"a841267e-c6c5-40d5-98f9-a2cd1815eaf2","displayName":"Microsoft Teams","iconUri":"https://connectoricons-prod.azureedge.net/releases/v1.0.1425/1.0.1425.2266/teams/icon.png","dataSources":[],"dependencies":[],"dependents":["0acbc076-7224-4b67-8eac-7b4f1baa606d"],"parameterHints":{},"isOnPremiseConnection":false,"bypassConsent":false,"dataSets":{},"apiTier":"Standard","isCustomApiConnection":false}},"databaseReferences":{},"almMode":"Environment","performanceOptimizationEnabled":true,"canConsumeAppPass":true,"executionRestrictions":{"isTeamsOnly":false,"dataLossPreventionEvaluationResult":{"status":"Compliant","lastEvaluationDate":"2021-01-15T12:24:26.8314574Z","violationDetails":[]}}},"isAppComponentLibrary":false,"appType":"ClassicCanvasApp","appComponents":[]}}