{"schemaVersion":"1.0","appDefinitionTemplate":{"id":"/providers/Microsoft.PowerApps/apps/","type":"Microsoft.PowerApps/apps","tags":{"primaryDeviceWidth":"640","primaryDeviceHeight":"1136","sienaVersion":"e13c2ea5-7bb1-4bb5-b565-b0c80873ad13","deviceCapabilities":"","supportsPortrait":"true","supportsLandscape":"false","primaryFormFactor":"Phone","publisherVersion":"3.20114.22","minimumRequiredApiVersion":"2.2.0","hasComponent":"true","hasUnlockedComponent":"true","isUnifiedRootApp":"false"},"properties":{"appVersion":"2020-12-30T06:45:26Z","lifeCycleId":"Published","createdByClientVersion":{"major":3,"minor":20114,"build":22,"revision":0,"majorRevision":0,"minorRevision":0},"minClientVersion":{"major":3,"minor":20114,"build":22,"revision":0,"majorRevision":0,"minorRevision":0},"backgroundColor":"rgba(0, 99, 177, 1)","backgroundImageUri":"/10326862393306007905/N2d8649b4-0921-45ad-8adf-22d56ab77361-logoSmallFile","displayName":"Rapid Assist","description":"","commitMessage":"","appUris":{"documentUri":{"value":"/10326862393306007905/N303d5e77-2119-410e-a057-5224aae7dafe-document.msapp"},"imageUris":[]},"createdTime":"0001-01-01T00:00:00Z","lastModifiedTime":"0001-01-01T00:00:00Z","sharedGroupsCount":0,"sharedUsersCount":0,"icons":{"smallIconUri":"/10326862393306007905/N6d4c523b-98bb-4d08-a894-edc802a031bf-small.png","mediumIconUri":"/10326862393306007905/Nab80204d-a030-43cb-8a52-543f321c3b05-medium.png","largeIconUri":"/10326862393306007905/N265e246d-5388-4d4a-99fa-a978266de693-large.png","wideIconUri":"/10326862393306007905/Nc182b6ff-b82d-46ce-9d6b-c7090f1b334a-wide.png"},"connectionReferences":{"ab2c7122-222d-4bc6-942b-5647d124f4e7":{"id":"1cab28eb-6f4e-43c2-97c3-d1e597751b1c","displayName":"SharePoint","iconUri":"https://connectoricons-prod.azureedge.net/releases/v1.0.1426/1.0.1426.2268/sharepointonline/icon.png","dataSources":["RA_CategoryList","RA_CategoryTeamMapping","RA_QnAPairs","RA_Requests"],"dependencies":[],"dependents":["8ff53ee5-48b3-436d-9074-e9b10ecf98ff"],"parameterHints":{},"isOnPremiseConnection":false,"bypassConsent":false,"dataSets":{"https://m365x019630.sharepoint.com/sites/RapidAssistDeploy":{"dataSources":{"RA_CategoryList":{"tableName":"8acae8ed-2b2c-4c5c-b009-7760d35abebb"},"RA_CategoryTeamMapping":{"tableName":"ea941b14-98a1-49d4-a4b6-872a84dcb202"},"RA_QnAPairs":{"tableName":"84192bf0-e329-4774-a44c-1968d9f845ce"},"RA_Requests":{"tableName":"c9e68e86-0352-4c5a-be96-1dd7bb750b25"}}}},"apiTier":"Standard","isCustomApiConnection":false},"7b78cc39-bf0f-4d91-ba2e-cc50671aca23":{"id":"3cc1a776-e79f-4125-ba3c-e2dcfd1f9270","displayName":"Office 365 Users","iconUri":"https://connectoricons-prod.azureedge.net/releases/v1.0.1411/1.0.1411.2206/office365users/icon.png","dataSources":["Office365Users"],"dependencies":[],"dependents":[],"parameterHints":{},"isOnPremiseConnection":false,"bypassConsent":false,"dataSets":{},"apiTier":"Standard","isCustomApiConnection":false,"actions":["MyProfileV2"]},"8ff53ee5-48b3-436d-9074-e9b10ecf98ff":{"id":"e84d85e2-7cd7-42b1-8769-60a50b48f5da","displayName":"Logic flows","iconUri":"https://resourcestackdeploy.blob.core.windows.net/scripts/13276078.png","dataSources":["SendTeamsNotification-New"],"dependencies":["54c6d605-dbbb-465e-8258-a4903fd76159","0e474e23-414c-497e-99bd-4068388ae563","ab2c7122-222d-4bc6-942b-5647d124f4e7"],"dependents":[],"parameterHints":{"workflowName":{"value":"d231f3ee-0c47-43bd-872e-822931ec2c69"},"54c6d605-dbbb-465e-8258-a4903fd76159":{"value":"shared_office365groups"},"0e474e23-414c-497e-99bd-4068388ae563":{"value":"shared_teams"},"ab2c7122-222d-4bc6-942b-5647d124f4e7":{"value":"shared_sharepointonline"}},"isOnPremiseConnection":false,"bypassConsent":false,"dataSets":{},"apiTier":"Standard","isCustomApiConnection":false,"actions":["Run"]},"54c6d605-dbbb-465e-8258-a4903fd76159":{"id":"5cf82716-b89a-4706-ab18-0f39a2600e19","displayName":"Office 365 Groups","iconUri":"https://connectoricons-prod.azureedge.net/releases/v1.0.1416/1.0.1416.2233/office365groups/icon.png","dataSources":[],"dependencies":[],"dependents":["8ff53ee5-48b3-436d-9074-e9b10ecf98ff"],"parameterHints":{},"isOnPremiseConnection":false,"bypassConsent":false,"dataSets":{},"apiTier":"Standard","isCustomApiConnection":false},"0e474e23-414c-497e-99bd-4068388ae563":{"id":"a841267e-c6c5-40d5-98f9-a2cd1815eaf2","displayName":"Microsoft Teams","iconUri":"https://connectoricons-prod.azureedge.net/releases/v1.0.1425/1.0.1425.2266/teams/icon.png","dataSources":[],"dependencies":[],"dependents":["8ff53ee5-48b3-436d-9074-e9b10ecf98ff"],"parameterHints":{},"isOnPremiseConnection":false,"bypassConsent":false,"dataSets":{},"apiTier":"Standard","isCustomApiConnection":false}},"databaseReferences":{},"almMode":"Environment","performanceOptimizationEnabled":true,"canConsumeAppPass":true,"executionRestrictions":{"isTeamsOnly":false,"dataLossPreventionEvaluationResult":{"status":"Compliant","lastEvaluationDate":"2020-12-24T14:07:18.7061562Z","violationDetails":[]}}},"isAppComponentLibrary":false,"appType":"ClassicCanvasApp","appComponents":[]}}