{"schemaVersion":"1.0","appDefinitionTemplate":{"id":"/providers/Microsoft.PowerApps/apps/","type":"Microsoft.PowerApps/apps","tags":{"primaryDeviceWidth":"640","primaryDeviceHeight":"1136","sienaVersion":"20210101T122907Z-3.20114.22.0","deviceCapabilities":"","supportsPortrait":"true","supportsLandscape":"false","primaryFormFactor":"Phone","publisherVersion":"3.20114.22","minimumRequiredApiVersion":"2.2.0","hasComponent":"true","hasUnlockedComponent":"true","isUnifiedRootApp":"false"},"properties":{"appVersion":"2021-01-01T12:29:07Z","lifeCycleId":"Published","createdByClientVersion":{"major":3,"minor":20114,"build":22,"revision":0,"majorRevision":0,"minorRevision":0},"minClientVersion":{"major":3,"minor":20114,"build":22,"revision":0,"majorRevision":0,"minorRevision":0},"backgroundColor":"rgba(0, 99, 177, 1)","backgroundImageUri":"/11481305590564336870/N9a72b8f4-8f1f-4d26-aece-e172d22482fa-logoSmallFile","displayName":"Rapid Assist - Experts","description":"","commitMessage":"category, success msg for edit topic","appUris":{"documentUri":{"value":"/11481305590564336870/Nc270b88f-8050-49be-ba73-85bfd70bf69b-document.msapp"},"imageUris":[]},"createdTime":"0001-01-01T00:00:00Z","lastModifiedTime":"0001-01-01T00:00:00Z","sharedGroupsCount":0,"sharedUsersCount":0,"icons":{"smallIconUri":"/11481305590564336870/N001e781f-8bd8-458d-bb45-7cf1410608b2-small.png","mediumIconUri":"/11481305590564336870/Nac7750c3-c496-41a8-ba64-d158fbed5cc3-medium.png","largeIconUri":"/11481305590564336870/N92c1dcd4-c115-424c-8f00-9f4d730a0338-large.png","wideIconUri":"/11481305590564336870/N270e165f-75f0-4c04-add3-ed2b776394f8-wide.png"},"connectionReferences":{"7b78cc39-bf0f-4d91-ba2e-cc50671aca23":{"id":"3cc1a776-e79f-4125-ba3c-e2dcfd1f9270","displayName":"Office 365 Users","iconUri":"https://connectoricons-prod.azureedge.net/releases/v1.0.1411/1.0.1411.2206/office365users/icon.png","dataSources":["Office365Users"],"dependencies":[],"dependents":[],"parameterHints":{},"isOnPremiseConnection":false,"bypassConsent":false,"dataSets":{},"apiTier":"Standard","isCustomApiConnection":false,"actions":["MyProfileV2"]},"0c4f8540-910a-42ad-b620-e1964f93d376":{"id":"5cf82716-b89a-4706-ab18-0f39a2600e19","displayName":"Office 365 Groups","iconUri":"https://connectoricons-prod.azureedge.net/releases/v1.0.1416/1.0.1416.2233/office365groups/icon.png","dataSources":["Office365Groups"],"dependencies":[],"dependents":[],"parameterHints":{},"isOnPremiseConnection":false,"bypassConsent":false,"dataSets":{},"apiTier":"Standard","isCustomApiConnection":false,"actions":["ListGroupMembers"]},"d78db45d-403c-447d-a6b3-fad96aa986c7":{"id":"a841267e-c6c5-40d5-98f9-a2cd1815eaf2","displayName":"Microsoft Teams","iconUri":"https://connectoricons-prod.azureedge.net/releases/v1.0.1425/1.0.1425.2266/teams/icon.png","dataSources":["MicrosoftTeams"],"dependencies":[],"dependents":[],"parameterHints":{},"isOnPremiseConnection":false,"bypassConsent":false,"dataSets":{},"apiTier":"Standard","isCustomApiConnection":false,"actions":["GetChannelsForGroup"]},"261594cd-64cd-43b7-b2ae-8c16af9c720a":{"id":"1cab28eb-6f4e-43c2-97c3-d1e597751b1c","displayName":"SharePoint","iconUri":"https://connectoricons-prod.azureedge.net/releases/v1.0.1426/1.0.1426.2268/sharepointonline/icon.png","dataSources":["RA_CategoryList","RA_CategoryTeamMapping","RA_QnAPairs","RA_Requests"],"dependencies":[],"dependents":[],"parameterHints":{},"isOnPremiseConnection":false,"bypassConsent":false,"dataSets":{"https://m365x019630.sharepoint.com/sites/RapidAssistDeploy":{"dataSources":{"RA_CategoryList":{"tableName":"8acae8ed-2b2c-4c5c-b009-7760d35abebb"},"RA_CategoryTeamMapping":{"tableName":"ea941b14-98a1-49d4-a4b6-872a84dcb202"},"RA_QnAPairs":{"tableName":"84192bf0-e329-4774-a44c-1968d9f845ce"},"RA_Requests":{"tableName":"c9e68e86-0352-4c5a-be96-1dd7bb750b25"}}}},"apiTier":"Standard","isCustomApiConnection":false}},"databaseReferences":{},"almMode":"Environment","performanceOptimizationEnabled":true,"canConsumeAppPass":true,"executionRestrictions":{"isTeamsOnly":false,"dataLossPreventionEvaluationResult":{"status":"Compliant","lastEvaluationDate":"2020-12-24T14:05:40.7867114Z","violationDetails":[]}}},"isAppComponentLibrary":false,"appType":"ClassicCanvasApp","appComponents":[]}}